Country.Code,Country.Name,Education.Level.PC1,Education.Level.PC2,EG_ELC_ACCS_ZS,EN_POP_SLUM_UR_ZS,FB_ATM_TOTL_P5,IC_ELC_TIME,IC_FRM_ISOC_ZS,IC_TAX_TOTL_CP_ZS,IQ_WEF_PORT_XQ,IT_NET_USER_P2,SE_ADT_1524_LT_MA_ZS,SE_XPD_TOTL_GD_ZS,SG_VAW_BURN_ZS,SH_DYN_AIDS_ZS,SH_DYN_MORT,SH_MED_PHYS_ZS,SH_TBS_PREV,SH_XPD_PCAP,SL_EMP_TOTL_SP_ZS,SL_TLF_SECO_ZS,SL_TLF_TOTL_IN,SN_ITK_DEFC_ZS,SP_POP_DPND,TM_TAX_MANF_SM_FN_ZS,UIS_EA_2_AG25T99,UIS_PTRHC_2,UIS_PTRHC_3,UIS_PTRHC_56,School.Years.PC1,School.Years.PC2,Edu.Literacy.PC1,Edu.Literacy.PC2,Pupils.Teacher.PC1,Pupils.Teacher.PC2,Cluster
AFG,Afghanistan,-1.26406398289368e-016,2.02413491694831e-016,43,62.7,0.802081543,114,22.1,36.3,4.08418031936923,6.39,69.59093,4.6191,9.45344827586207,0.1,91.1,0.266,340,56.57452735,43.40000153,36.7028846604423,8334374,26.8,89.77377698,5.85,17.2916997526606,45.04142,30.74908,31.89532,-8.96566338700402,-1.26787061377732,-7.36538855449425,0.916068226254253,-4.00211637285405,0.345348259864099,1
BDI,Burundi,-1.26406398289368e-016,2.02413491694831e-016,6.5,57.9,1.398660325,158,10.6,40.3,2.780635781,1.38,87.39075,5.41475,25,1.1,81.7,0.028,195,21.55325396,77,36.7028846604423,4952060,13.7244444444444,89.07516976,11.35,17.2916997526606,42.50685,26.20684,14.67375,-8.60105309436434,-1.31904139925728,-0.158902324503848,-0.377224519019701,-2.63190665480632,1.60521452829257,1
BEN,Benin,-2.74307637362012,1.43175597022239,38.4,61.5,4.329718565,90,8.9,63.3,3.358208895,5.3,62.58466,4.7956,6,1.1,99.5,0.059,89,37.88944806,72.19999695,36.7028846604423,4444955,7.5,83.01346861,11.87,17.2916997526606,11.01843,7.69833,17.25623,-7.7365782416872,-0.346426200599773,-7.83030911386107,0.621733545333426,1.38837230783596,-0.480983061659049,1
BGD,Bangladesh,-3.62915296912602,1.52277094749073,59.6,55.1,9.236862234,428.9,14.3,31.6,3.558376581,9.6,80.61053,1.96616,4.3,0.1,37.6,0.356,404,30.83346991,67.80000305,36.7028846604423,78976778,16.4,53.68590411,14.52,9.5863,36.87466,33.24147,23.08715,-4.33995496078256,0.930124448319461,-2.14236335333586,-2.13252096538115,-3.33915415461599,1.08133322163505,1
BWA,Botswana,-1.26406398289368e-016,2.02413491694831e-016,53.24,59.2,30.28354068,77,21.3,25.1,2.715542638,18.5,96.14773,9.63293,9.45344827586207,25.2,43.6,0.336,354,385.314097,62.79999924,17.5,1155963,24.1,55.60051588,8.08,17.2916997526606,18.1653428099174,15.549878907563,18.63335,0.82709294205109,2.06210785589108,1.05625873488276,-0.516989540276045,7.51620089401094e-003,0.01661559760041,1
CAF,Central African Republic,-1.26406398289368e-016,2.02413491694831e-016,10.8,93.3,1.079971532,98,37,73.3,4.08418031936923,4.03,48.8571,1.22862,9.45344827586207,4.3,130.1,0.048,435,15.5874302,72.90000153,36.7028846604423,2291727,47.7,76.23280568,17.39,17.2916997526606,18.1653428099174,15.549878907563,34.60677,-8.0834486572236,-1.61706382149417,-9.74101550300876,1.6154653238446,-0.655166217025454,-1.4483351864838,1
CIV,"Cote d'Ivoire",-1.26406398289368e-016,2.02413491694831e-016,55.8,56,5.881447799,55,4.3,51.9,5.234129965,14.6,59.6092,4.71947,16.4,3.5,92.6,0.144,215,88.37029761,64.59999847,36.7028846604423,8540700,13.3,84.3652116,11.87,17.2916997526606,34.32982,20.60998,9.05427,-7.05183714953338,-0.64331982694626,-7.72728996235651,0.708641672586208,-1.24316749390461,1.59613434471605,1
CMR,Cameroon,-1.26406398289368e-016,2.02413491694831e-016,53.7,37.8,3.521575584,64,20.4,48.8,3.276135193,11,87.11932,3.02834,13.6,4.8,87.9,0.077,266,58.6522027,67.30000305,36.7028846604423,9176788,9.9,85.11251799,17.47,17.2916997526606,19.73618,19.26365,52.02621,-4.43536979252144,5.67346407398572e-002,-1.51749098707606,5.73791521091549e-002,-1.87949285117424,-2.79760090461285,1
COG,"Congo, Rep.",-1.26406398289368e-016,2.02413491694831e-016,41.6,46.9,3.83447135,135,19.6,56,4.08418031936923,7.11,85.68361,6.22079,9.45344827586207,2.8,45,0.095,461,161.6386006,66.09999847,36.7028846604423,1827861,30.5,86.07687167,17.34,17.2916997526606,19.5078,16.8374,12.25985,-4.58636959967444,-0.30657959346938,-1.49797052780748,0.509829686887107,4.31367252716264e-002,0.707858130099221,1
GHA,Ghana,-2.32050018756196,0.621853916225929,64.06256,37.9,8.19539136,79,9.2,32.7,3.503800139,18.9,91.32188,5.93355,7.4,1.5,61.6,0.096,282,57.89263246,67.80000305,17.39999962,11372106,5,73.43398487,12.34,33.75565,15.3958,19.50429,29.61281,-2.68901700065125,0.528765078105284,-0.586827934332908,-0.443507471519533,-0.67661462705411,-0.840820161606715,1
GMB,"Gambia, The",-1.26406398289368e-016,2.02413491694831e-016,34.5268,34.8,50.9996215896643,78,22.2,63.3,4.116887355,15.56,75.55352,2.80663,10.6,1.8,68.9,0.038,126,30.72368182,72,36.7028846604423,801157,5.3,94.7589251,13.79,17.2916997526606,27.70799,15.549878907563,10.26452,-8.19040106938313,-0.49238618366423,-3.85086417926291,-1.0634441523502,-0.301625511387595,1.03092343522363,1
HTI,Haiti,-1.26406398289368e-016,2.02413491694831e-016,37.9,74.4,50.9996215896643,60,18.6212962962963,40.3,2.561020059,11.4,82.55409,1.07399,3.6,1.9,69,0.25,244,107.5040316,61.5,36.7028846604423,4594342,53.4,63.22449003,4.55,17.2916997526606,18.1653428099174,15.549878907563,14.0661,-6.46632096103353,-0.852338886049167,-2.54172043597385,-1.35414125289953,0.196995740857442,0.43548622571941,1
KEN,Kenya,-3.32562038383286,0.475240667676878,23,56,10.19693071,110,22.1,37.1,4.150855252,43.4,85.20513,5.50822,7,5.3,49.4,0.198,266,77.69658603,61.20000076,36.7028846604423,17500228,21.2,81.42813219,11.47,6.92217,56.57381,32.30515,18.8145219014085,-4.57205102135101,-4.1813993905781e-002,-0.83988225227283,-0.850276065980636,-4.41755141179055,1.93027391241914,1
KHM,Cambodia,-3.72054138747187,1.00655652190871,31.1,55.1,10.70651108,179,9.5,21,3.705970262,9,91.10519,2.60388,11.7,0.6,28.7,0.169,668,61.28475128,82.19999695,20.5,8623857,14.2,55.80955703,10.61,9.22801,19.7956,25.33049,20.7494,-6.50453181045332,-0.741158991750368,-0.35813376277744,-0.625148865902971,-1.2290205843102,0.411651593005056,1
LAO,Lao PDR,-1.26406398289368e-016,2.02413491694831e-016,70,31.4,17.41098236,134,11.6,25.3,2.178439316,14.26,93.0992,4.17047,9.45344827586207,0.3,66.7,0.182,464,32.56967352,76.69999695,36.7028846604423,3377525,18.5,63.59956711,8.17,17.2916997526606,17.99223,18.87236,13.39215,-6.10534639113034,-0.572173542776552,-0.508899982011588,0.243098196232421,-0.115278879583738,0.678614947922631,1
LBR,Liberia,-1.26406398289368e-016,2.02413491694831e-016,9.8,65.7,1.78355279,465,2.4,47.8,3.599999905,5.41,64.66008,2.82069,7.4,1.2,69.9,0.014,510,46.27042196,59.29999924,36.7028846604423,1554233,31.9,83.93230002,10.15,17.2916997526606,13.75804,17.2592,21.63856,-7.6059461340875,-1.51663816034004,-6.95567323194187,1.13124485084377,4.80470543044377e-003,-0.27739021482211,1
LSO,Lesotho,-4.05442786383464,1.47954152225101,20.56256,50.8,11.24100719,114,24.7,13.6,2.706375655,11,76.98445,12.98201,6.3,23.4,90.2,0.049,671,105.1127528,48.90000153,36.7028846604423,889178,11.2,68.04034185,8.08,7.06205,18.1653428099174,15.549878907563,29.28483,-3.24209692459777,-0.988901543380319,-0.299614215299489,-3.16849291398109,-0.434377177031369,-0.96025059496557,1
MLI,Mali,-3.82329166907377,0.899664041545464,25.6,56.3,4.26123852,120,24.8,48.3,2.494941214,7,61.46402,4.33446,26.3,1.4,114.7,0.083,91,47.76513899,60.70000076,36.7028846604423,5924862,5,100.3874277,11.87,2.97036,29.54108,10.83247,52.41272,-9.80262480312282,-2.4268239499173,-7.45939016584744,-0.174520972060431,-1.67630248008048,-3.05095880874231,1
MMR,Myanmar,-1.26406398289368e-016,2.02413491694831e-016,52.36256,41,1.556402344,77,1.7,31.4,2.62268482,2.1,96.33384,1.20248,9.45344827586207,0.7,50,0.612,457,20.28780579,76,36.7028846604423,30217049,14.2,49.9231617,5.2,17.2916997526606,35.72074,22.73771,25.2772,-5.69018019781652,0.333408873007401,1.16997469665599,0.118838434486905,-2.2373801325601,0.263256717698255,1
MOZ,Mozambique,-1.26406398289368e-016,2.02413491694831e-016,20.2,80.3,9.106682123,91,18.7,36.1,3.602159638,5.94,83.66577,6.71555,6.4,10.6,78.5,0.04,554,41.99657338,65.09999847,36.7028846604423,12471084,25.3,95.51342334,9.64,17.2916997526606,33.89333,23.91423,15.22838,-10.575376237188,-2.22199850566828,-3.54980681270333,0.395346169259056,-1.81949749789805,1.20338445270898,1
MRT,Mauritania,-1.26406398289368e-016,2.02413491694831e-016,21.76256,79.9,7.725474229,70,16.2,71.3,2.702978218,10.7,70.04367,3.27544,9.45344827586207,0.7,84.7,0.068366504,182,48.83750877,37.29999924,36.7028846604423,1280621,5.6,76.84119319,12.15,17.2916997526606,56.59395,24.38188,42.95313,-7.00286801460703,-0.486709365934621,-5.56691126331864,0.27476848022911,-4.58059808797913,-0.726077296505735,1
MWI,Malawi,-4.93618937566174,1.87754037790992,9.8,66.7,4.852664356,127,18.8,34.5,2.203982791,5.83,74.92393,6.87791,4.5,10,64,0.019,334,24.39483667,76.80000305,36.7028846604423,7571373,20.7,95.22118184,11.49,3.36006,18.1653428099174,15.549878907563,13.60424,-6.6765222454928,-0.433234326614692,-2.73139365069721,-1.31076758584813,0.216156728394256,0.477844228522638,1
NAM,Namibia,-3.67193815588209,1.42946227726723,47.26256,33.2,53.68179177,37,8.3,21.3,5.178322257,14.84,86.45379,8.3505,10,16,45.4,0.374,627,499.0156838,48.40000153,23.39999962,901859,42.3,67.84551991,8.08,10.63163,24.6368,20.86442,16.36794,-3.111167593519,-0.873042024877718,-4.13337736996549e-002,-1.43732615146241,-0.906875716405914,0.688936781163176,1
NER,Niger,-1.26406398289368e-016,2.02413491694831e-016,14.4,70.1,1.292284533,115,4.6,48.2,4.08418031936923,1.95,36.43357,6.77798,34.6,0.5,95.5,0.019,155,24.39611462,61.40000153,0.5,6132741,9.5,112.6829095,11.87,17.2916997526606,32.74575,20.12336,12.33088,-10.6353688686097,-2.52961472469417,-12.4061771151024,1.25181298275827,-1.2185761397264,1.22745183415243,1
NPL,Nepal,-1.26406398289368e-016,2.02413491694831e-016,76.3,54.3,8.875449877,70,8.2,29.5,1.561029429,15.44,92.58803,4.72197,0.1,0.2,35.8,0.209,215,39.86817954,81,10,15584793,7.8,63.67516653,12.21,17.2916997526606,35.05985,22.79732,60.00969,-7.73142947355644,6.37311538180625e-002,-1.57355294070778,-0.413645878363331,-3.63917444710786,-2.9358799513309,1
PAK,Pakistan,-2.60377287881124,-0.612410118670056,93.6,45.5,7.325158128,178.3,35.8,32.6,4.079903429,13.8,81.46049,2.45459,18.4,0.1,81.1,0.827,341,36.15485065,51.70000076,11.60000038,65361409,22,65.78209727,14.07,9.32585,17.70858,21.67129,22.04657,-6.68131620721493,-0.373686440121383,-3.66335053945055,0.132836483215082,-0.751463113140192,3.40860781303478e-002,1
PNG,Papua New Guinea,-1.26406398289368e-016,2.02413491694831e-016,18.10671,39.4148148148148,8.174924883,66,18.6212962962963,39.3,4.08418031936923,9.38,66.30019,7.38971,9.45344827586207,0.7,57.3,0.058,529,92.35819164,70.40000153,36.7028846604423,3365826,13.7244444444444,68.07393781,3.16,17.2916997526606,18.1653428099174,15.549878907563,9.31865,-7.27505812821959,-0.929039330508758,-2.53836238896141,-3.46885161446505,0.393951160858404,0.870883316630473,1
RWA,Rwanda,-5.62808709415862,-2.01770218393883,18,53.2,5.264096437,34,11.7,33,3.335622747,10.6,78.46829,5.02795,8.9,2.8,41.7,0.056,85,52.48366269,85.19999695,4.5,5694092,31.6,79.09514627,11.35,3.65344,22.59902,22.61891,25.80991,-7.40582907544901,-0.179817693254932,-1.79956368546923,-1.59459182345322,-1.34438756018296,-0.131590352218209,1
SDN,Sudan,-1.26406398289368e-016,2.02413491694831e-016,32.56256,91.6,4.230590563,70,7,45.4,4.08418031936923,24.64,91.29205,2.21868,9.45344827586207,0.2,70.1,0.28,151,129.8438771,45.70000076,36.7028846604423,12474754,13.7244444444444,79.0376613,19.13,17.2916997526606,18.1653428099174,15.549878907563,46.40313,-8.46259355512876,-1.65473310399614,-0.786506502505733,-0.205697221463643,-1.14455673999727,-2.53020036196529,1
SEN,Senegal,-5.46419961541791,-1.35195004385688,56.5,39.4,4.821965518,81,9.3,47.3,4.134449688,17.7,75.91344,5.59998,20.1,0.5,47.2,0.059,205,49.53139304,69,36.7028846604423,6316988,10,87.80904211,11.87,5.20607,34.78689,25.1471,30.5844,-9.05213768045727,-1.80913911476887,-4.42639468883225,5.84604516863572e-002,-2.64869311926719,-0.112891293797178,1
SLE,Sierra Leone,-1.26406398289368e-016,2.02413491694831e-016,14.2,75.6,0.401917039,82,13.8,31,2.828092846,2.1,75.84155,2.72976,18.3,1.4,120.4,0.022,441,85.90729075,65.09999847,36.7028846604423,2440884,22.3,82.92506812,11.59,17.2916997526606,19.83891,22.50521,7.54674,-7.96653744204815,-0.479574774511545,-5.39989704997526,0.226875762421004,-0.38482230690009,1.46561856887369,1
SWZ,Swaziland,-1.26406398289368e-016,2.02413491694831e-016,42,32.7,32.07532397,137,22.1,34.7,3.448592603,27.1,93.53128,8.63695,2.9,27.7,60.7,0.17,605,247.8964248,44.79999924,36.7028846604423,457000,26.8,69.85812945,8.08,17.2916997526606,19.32175,12.55396,17.55338,-6.36918822897778,-6.11071939752983e-002,0.675280628858816,-0.493429997763596,0.290313263606136,-2.1966802886386e-002,1
TGO,Togo,-3.54650394333285,1.46420806925416,31.46256,51.2,4.818009163,51,6.6,48.5,4.08418031936923,5.7,88.88323,4.83798,11.2,2.4,78.4,0.053,81,33.89092289,75.40000153,36.7028846604423,3318091,11.4,82.43086183,11.87,17.97651,33.93276,16.20854,24.43975,-6.08922846480996,0.671108040465509,-1.97645561073672,-7.95512176517224e-002,-1.38765174019112,-7.12970121114271e-002,1
TZA,Tanzania,-5.17655466300099,1.82195097378902,15.3,50.7,5.744827398,109,17.6,43.9,3.380111122,4.86,87.44783,3.48143,17.8,5.3,48.7,0.031,528,51.71747631,86.30000305,36.7028846604423,25284702,32.1,93.92429103,11.35,7.63064,18.1653428099174,15.549878907563,34.44989,-4.94006962247932,0.148308364283171,-0.585884568852947,-0.485057978882308,-0.64865780381631,-1.43394744240601,1
UGA,Uganda,-5.26206954947591,0.503758459004416,18.16256,53.6,4.227783433,86,11.6,36.5,2.533933393,17.71,87.42644,2.20093,17.1,7.3,54.6,0.117,159,52.29424027,74.5,3.5,15111603,25.5,103.3530759,11.34,12.17431,19.01322,18.01159,24.47362,-5.0994322953869,-0.603181690263887,-1.08695063164662,-0.647779757116587,-0.554003202449899,-0.359417156933284,1
YEM,"Yemen, Rep.",-1.26406398289368e-016,2.02413491694831e-016,48.40671,60.8,4.896862488,110,4.9,33.1,2.6,22.55,97.5501,4.5606,9.7,0.1,41.9,0.197,63,79.93696624,40.5,2,7628379,26.1,76.64426788,6.01,17.2916997526606,11.09061,24.17273,32.21479,-9.28246815025364,-0.383396985003852,-1.44370307497468,0.976524695305692,-0.983249984028995,-0.929727290931312,1
ZAR,"Congo, Dem. Rep.",-1.26406398289368e-016,2.02413491694831e-016,16.4,74.8,1.143968098,56,13.3,54.6,4.08418031936923,3,91.59913,2.24475,24.4,1,98.3,0.107,532,11.63902687,66.19999695,36.7028846604423,29023417,13.7244444444444,96.56541344,11.13,17.2916997526606,18.1653428099174,15.549878907563,15.3402,-8.18181581000766,-1.95930804808548,-1.22484637390693,0.809340779847384,0.144137701147024,0.318636246566437,1
ZMB,Zambia,-1.26406398289368e-016,2.02413491694831e-016,22.06256,54,9.58545608,117,15.5,18.6,2.178387154,17.34,69.42641,1.09972,23.5,12.4,64,0.173,436,85.85307416,68.69999695,36.7028846604423,6720673,47.8,96.12216519,11.76,17.2916997526606,47.94506,15.549878907563,13.11847,-2.86642827006169,0.582843951592549,-4.11188727506653,-0.399973556519685,-1.81191587046322,1.29254437021295,1
ZWE,Zimbabwe,-2.61102740353673,-0.718713926688219,40.46256,25.1,5.296573319,106,18,32.8,3.244776683,19.89,89.95997,1.9661,7.5,16.7,70.7,0.083,292,57.71045218,82,36.7028846604423,7721545,33.4,80.45643864,13.09,49.67546,18.1653428099174,15.549878907563,16.99747,-2.18465067268516,0.649075824630944,0.385414298735221,-0.66546164488067,7.53832521470359e-002,0.166645064594183,1
BHR,Bahrain,-1.4304802423235,-3.14956989144358,97.69783,39.4148148148148,50.9996215896643,85,18.6212962962963,13.5,5.398831135,90.99998,99.77859,2.6447,9.45344827586207,2.71460674157303,6.2,0.915,18,1242.844177,67.19999695,9.600000381,750065,13.7244444444444,30.85804823,4.63,12.78052,10.85485,8.99816,17.48142,-2.66653152008131,1.25022557597497,1.64624459254434,0.257964291502997,1.25251527788801,-0.433178248540812,2
BLZ,Belize,-0.900407714936836,0.290120373376783,100,10.8,42.39402598,66,0.7,31.1,3.3,38.7,87.32443,6.21729,2.1,1.2,16.5,0.828,47,278.5792093,58.20000076,34.20000076,154602,6.2,58.34623973,8.97,42.70719,18.3933,14.78078,20.26316,6.05054389782687,-1.52979752935173,-0.233149108258702,-0.830886640684761,5.73703308059381e-003,-0.169970650564359,2
BOL,Bolivia,-0.868842700511782,-1.69052596386978,90.5,43.5,34.711929,42,22.3,83.7,2.078424962,39.02,99.18483,7.03755,3.3,0.3,38.4,0.473,187,208.7841942,70.59999847,38.09999847,5145858,15.9,64.55646168,11.65,8.51059,16.53544,19.4118,22.47714,-1.04154571665363,1.01120548925349,1.5979610272906,0.299802167726361,-0.44916091968339,-0.162094454098132,2
BRA,Brazil,-0.74386007589141,0.28550970135338,99.5,22.3,129.2533223,43.6,13.1,69.2,2.705457549,57.6,98.60084,5.91432,9.45344827586207,2.71460674157303,16.4,1.891,52,947.427696,65,36,109842906,5,45.14288857,15.23,14.02283,18.45293,15.73995,19.93826,-0.745792609998214,0.356691369787655,1.36402839754849,3.821497623246e-003,-8.65451974623613e-002,-8.49936048794689e-002,2
CHL,Chile,-0.380080889064449,-1.59025069472112,99.6,9,56.57921082,30,22.1,28.9,4.906070468,72.35,99.02377,4.55744,9.45344827586207,0.3,8.1,1.026,20,1137.356265,58,57,8745002,5,45.26989594,5.98,21.79331,20.99118,21.00627,14.97998,3.0436700450227,8.0358130120806e-002,1.75648440702497,0.22540039025843,-0.613585448477286,0.72988011737925,2
CHN,China,-3.09078103996795,-1.69131195321721,100,25.2,55.03088811,143.2,53.4,67.8,4.548804854,49.3,99.7444,1.89593,9.45344827586207,2.71460674157303,10.7,1.94,89,419.7342406,68,36.7028846604423,806498521,9.3,35.84650547,9.02,43.00692,13.42238,17.50026,19.48791,-1.20912179097266,0.826530187438297,1.71665419405393,0.303936406377321,9.15649123070078e-002,-7.5350637754891e-002,2
COL,Colombia,-0.63007550603871,-0.306529396759794,97,13.1,40.56807911,102,20.8,69.7,3.64999392,52.57,98.23029,4.6708,0.2,0.4,15.9,1.471,39,569.1852903,60.70000076,42.59999847,24290685,8.8,45.90394031,4.87,15.42489,26.27563,21.90267,17.35012,1.08301047241585,1.07521326345711,1.50618466771232,7.03624586310489e-002,-1.17038182972712,0.699301969446548,2
CRI,Costa Rica,-0.91233933978649,0.208149388975912,99.5,5.5,77.11152043,45,13.3,58,3.137591084,49.41,99.2196,4.89459,9.45344827586207,0.3,9.7,1.113,14,970.002032,57.79999924,21.79999924,2316957,5,45.55770535,4.57,13.37319,14.40018,14.28597,11.86698,0.113379911075826,-0.302369391524537,1.77269068052814,0.290573422986875,0.681153015895063,0.469119456582886,2
DOM,Dominican Republic,-0.945223938278204,0.205560542216564,98,12.1,33.40007477,82,11.8,42.4,4.518985402,49.58,97.26311,2.05124,0.6,1,30.9,1.49,73,268.9943173,55.09999847,34.20000076,4710194,12.3,58.14265105,6.22,21.75269,24.46519,19.85137,26.20872,-0.557290600249504,0.375153173877205,1.23811276077291,-0.132826283788186,-1.19596221787796,-0.274667559159171,2
DZA,Algeria,-2.63926627320728,0.24229330487089,100,11.8,7.288244392,180,5,72.7,2.988973396,18.09,95.64635,4.33702,9.45344827586207,0.1,25.5,1.207,118,361.7291743,40,21.5,12355028,5,51.53663147,18.2,16.45442,17.80495,16.15822,23.77774,-4.1157139324727,1.74541913500251,0.192895143724078,-0.34064832559152,-0.245595841408868,-0.430486825574263,2
ECU,Ecuador,-1.96382816363256,-1.16540932172693,97.2,36,40.57754557,74,9.7,33,4.839285851,43,98.8321,4.18002,9.45344827586207,0.3,21.6,1.724,78,579.1924445,65.59999847,29,7720071,10.9,55.94780296,9.27,9.292,15.13735,26.23663,14.54677,-1.28208305161397,0.384197799743285,1.48705088765255,0.184880812255112,-0.747343366734775,0.910708592374476,2
EGY,"Egypt, Arab Rep.",-1.26406398289368e-016,2.02413491694831e-016,100,10.6,12.66749196,64,8.6,45,4.327892739,31.7,94.45025,3.76083,7,0.1,24,2.83,26,177.7683606,42.79999924,37.5,29596846,5,61.69004078,10.04,17.2916997526606,16.76445,8.82194,25.09249,-3.34923837699623,1.59052732165587,-0.447110916573927,-0.307916473928106,0.548977539162341,-0.988226080184637,2
FJI,Fiji,-1.10402681639824,0.514628830701406,59.32891,39.4148148148148,44.49419913,81,22.8,31.1,4.08418031936923,41.8,92.1344975833333,4.22044,9.45344827586207,0.1,22.4,0.426,110,204.0112117,50.59999847,36.7028846604423,347161,5,52.51697309,9.9,20.10984,26.24225,13.34818,28.54874,2.66639947266558,1.35221325012104,2.31305684410252e-016,-2.34565545074894e-015,-0.726010359072369,-0.806982470979127,2
GAB,Gabon,-1.26406398289368e-016,2.02413491694831e-016,89.3,37,14.3905458,148,18.6,45.7,3.174314548,9.81,87.76383,3.82709,10.6,3.9,50.8,0.292,615,321.3300907,49,36.7028846604423,645573,5,73.752431,17.27,17.2916997526606,18.1653428099174,15.549878907563,12.77436,-0.42627935074729,1.91898157939766,-0.122473655200514,-0.759664433618033,0.250585603674753,0.553954000675114,2
GTM,Guatemala,-5.04188292380027,-0.683483415254003,78.5,34.5,35.84024278,39,11.9,37.5,3.879777871,23.4,95.51033,2.84226,9.45344827586207,0.5,29.1,0.932,106,232.6252272,65.90000153,18.70000076,6827724,15.6,72.06971837,4.9,6.10108,14.25009,10.41592,27.70617,-5.83790955915831,-0.788411983069959,-0.232756379659691,5.56153100521634e-002,0.444538862718859,-1.20381955700145,2
GUY,Guyana,-3.24892143683595,1.82965711682498,79.46677,33.1,19.04754575,109,29.5,32.3,3.621834209,37.35,94.0505,3.19404,3.5,1.8,39.4,0.214,123,221.7832703,54.5,38.20000076,328686,10.6,53.06176426,8.88,0,19.57958,21.7405,13.10207,1.25284395040744,0.126675673446627,0.644149767242941,-0.274701706428871,-0.516407776730229,0.906659328934191,2
HND,Honduras,-3.54678785716589,1.33908232148094,82.2,27.5,24.64045897,39,16.3,44.3,4.62820501,19.08,96.232,5.87493,4.2,0.4,20.4,0.372,49,212.3151508,60.40000153,23.89999962,3373490,12.2,59.40097102,5.01,8.44529,9.52825,7.40113,19.93308,-3.46224355059381,6.75268457234219e-002,0.949445735117667,-0.34388590823777,1.41131183824047,-0.78163981545002,2
IDN,Indonesia,-1.79750063424726,0.528800206885509,96,21.8,49.62922175,79,2.9,29.7,3.812931974,17.14,98.86538,3.36659,2.5,0.5,27.2,0.204,647,99.41035911,63.5,26.60000038,124061112,7.6,49.45758634,7.23,15.54718,14.39243,16.85029,27.04396,-1.68197203643315,0.989260137710545,1.48006004062197,0.168580324390493,-0.219740350562163,-0.779589434228398,2
IND,India,-1.26406398289368e-016,2.02413491694831e-016,78.7,24,18.07498434,90.1,27.5,60.6,4.207172308,18,91.82743,3.8256,20.4,2.71460674157303,47.7,0.702,195,74.99460433,52.20000076,18.39999962,496960163,15.2,53.14193951,9.23,17.2916997526606,29.76622,32.05593,21.53122,-4.79635964360115,1.08193411433953,-1.09614847261199,-0.213508830428056,-2.66003876590235,0.973898529218048,2
IRN,"Iran, Islamic Rep.",-1.45171905288405,-0.639494750896837,100,30.3,56.58696918,77,18.6212962962963,44.1,3.904708967,39.35,98.53414,3.06152,9.45344827586207,0.1,15.5,0.89,33,350.7386071,39.59999847,25.29999924,27133460,5,39.83739069,28.25,20.46935,16.05594,18.46739,16.2704,2.34174959084472e-003,1.72018639949604,0.905669499137701,-4.14729630675225e-002,-5.85893898549761e-002,0.341923742221279,2
IRQ,Iraq,-1.26406398289368e-016,2.02413491694831e-016,100,47.2,1.487679508,77,4.2,27.8,4.08418031936923,11.3,82.42104,3.5515,9.45344827586207,2.71460674157303,32,0.607,67,292.0043788,35.40000153,36.7028846604423,8686537,22.8,79.22898589,7.6306993006993,17.2916997526606,18.83668,18.68712,22.09495,-4.07805742752358,1.67695985166281,-1.2101307175126,-0.360265213161907,-0.514775712088034,-0.10805436614395,2
JAM,Jamaica,-1.26406398289368e-016,2.02413491694831e-016,92.63344,60.5,32.50030884,95,16.5,35.2,4.65090092,40.5,94.20597,5.98413,9.45344827586207,1.6,15.7,0.411,5.9,266.1901164,55,36.7028846604423,1306181,8.1,49.4974173,5.45,17.2916997526606,19.36813,19.30821,22.81106,2.91574003677327,0.616007627055687,0.947478092724942,-0.770019302679723,-0.646865073576836,-0.125253987987383,2
JOR,Jordan,0.160969666358799,-0.586763957082174,99.5,12.9,32.49915078,50,6.8,29.5,3.995273429,44,99.0397,4.94514,1.8,2.71460674157303,17.9,2.558,7.3,358.9124715,37.20000076,22.39999962,1771679,5,65.62757736,9.14,32.75651,19.93281,11.86462,24.63368,0.517714604003741,2.24953955325274,1.70179207910585,0.258233154411719,2.76090096908158e-002,-0.694059364284251,2
LBY,Libya,-1.26406398289368e-016,2.02413491694831e-016,100,35.2,3.961501695,118,18.6212962962963,32.8,2.6,17.76,99.96664,2.26417,9.45344827586207,2.71460674157303,13.4,1.9,73,371.7218704,42.59999847,36.7028846604423,2324217,13.7244444444444,51.81501757,0,17.2916997526606,18.1653428099174,4.77599,23.87041,-1.53920336139168,3.40892575385913,1.38798864550236,0.161301480474676,0.932144771511726,-1.06617135496303,2
LKA,Sri Lanka,-0.290508144493173,-0.521569237344401,88.66256,24.8,17.05897531,100,9.1,55.2,4.275085791,25.8,98.36408,1.72398,9.45344827586207,0.1,9.8,0.68,99,127.3317445,52.40000153,16,8576325,22,50.81987389,6.68,44.38174,16.50786,18.16489,45.2221,3.19896443792979,1.3486754685577,1.37493284578382,1.46415841486141e-002,-1.25871765890674,-2.3185169665508,2
MAR,Morocco,-1.26406398289368e-016,2.02413491694831e-016,100,13.1,25.82532288,57,18.2,49.1,4.777542232,56.8,96.59858,5.3758,23.6,0.1,27.6,0.62,137,190.0539696,45.5,11.60000038,12498273,5,50.1649476,9.1,17.2916997526606,19.92836,17.8864,21.38427,-6.43237530925176,0.436790189209863,-0.482781921697046,-0.279086853811273,-0.475510715073313,-5.94211926881467e-002,2
MDV,Maldives,-4.68686415524516,1.57013978108664,100,39.4148148148148,31.00072732,91,18.6212962962963,30.2,4.08418031936923,49.28,100,5.16456,6.3,2.71460674157303,8.6,1.415,56,1165.12515,59.40000153,36.7028846604423,195149,5.2,47.72735645,20.6,10.01308,5.79197,8.37785,1.87179,-5.64894793410787,2.4703730945183,1.91036230137521,0.454313948437435,2.31407123145386,0.832786471784009,2
MEX,Mexico,-1.92026346866139,-1.71702873300302,99.1,11.1,48.99324553,78.9,24,51.7,4.306431712,44.39,98.66958,5.1462,9.45344827586207,0.2,13.2,2.095,27,677.1899867,58.59999847,45,55561477,5,52.37575045,7.56,24.91464,19.00555,15.84233,9.236,0.279243603894433,1.39372881285554,1.4835571005317,0.170142242567154,0.308595111783528,0.916546509458203,2
MNG,Mongolia,1.85782091476323,-1.49558259240014,89.76256,42.7,58.77598649,79,15.9,24.4,1.388599312,27,98.05015,4.60903,3.3,2.71460674157303,22.4,2.837,227,195.3334787,60.29999924,24.29999924,1328054,20.5,46.80481057,4.95,17.14018,21.08535,19.4939,19.71697,1.72868706353101,-0.223496074502375,1.76597076904171,0.223539333430878,-0.65629172742792,0.213304439794344,2
MUS,Mauritius,-1.32047072929932,0.812805822271893,100,39.4148148148148,44.75015557,81,11.1,22.4,4.748386113,41.44,98.36182,4.98984,9.45344827586207,0.9,13.5,1.057,35,482.4541727,54.09999847,39.79999924,592300,5,40.79566492,0.98,10.52814,18.1653428099174,15.549878907563,30.38818,0.676565551794033,2.57459499968167,1.23280682475528,-3.78321459065524e-002,-0.480151384797235,-1.06144078764937,2
MYS,Malaysia,0.2151704575688,9.69058596246375e-002,100,39.4148148148148,51.90798746,32,54.1,40,5.565850905,67.5,98.33574,6.29209,9.45344827586207,0.5,7,1.198,135,455.8255255,58.40000153,43.59999847,13300027,5,45.02130805,8.32,17.31331,17.17389,17.62781,16.17493,2.19515116641241,3.45364184045223,1.47648335743018,0.182917701601374,-4.25355064450348e-002,0.332641203166525,2
NIC,Nicaragua,-1.26406398289368e-016,2.02413491694831e-016,77.9,45.5,11.37917247,55,15.5,63.9,2.838179278,17.6,89.65285,4.49311,4.5,0.3,22.1,0.897,74,177.4628952,60.29999924,34.79999924,2657353,16.6,55.00015464,4.86,17.2916997526606,29.33434,34.71449,15.32962,-3.16312816049802,0.352273679423055,9.48090438205642e-002,-0.939956577638977,-2.65482508461194,1.680158610849,2
PAN,Panama,-0.961028873322177,-0.960077904468624,90.87544,25.8,60.8394214,35,22.5,37.2,6.252390009,44.92,98.25523,3.29343,9.45344827586207,0.6,17,1.65,59,958.9817662,62.59999847,44.09999847,1837203,9.5,53.65574194,5.44,18.37954,16.62432,13.98376,10.87669,2.00731732280365,0.302039144363185,1.45522005599818,0.221773344853002,0.601292597133965,0.600560506753096,2
PER,Peru,0.438738274347717,-0.178204084182604,91.2,34.2,55.48117828,67,14.2,35.9,3.646103884,40.2,98.88648,3.657,1.1,0.4,16.9,1.132,158,358.5769444,73.09999847,19.5,16973529,7.5,53.50022502,3.56,6.08323,21.62195,21.64383,14.80908,0.461584422690559,0.795488229769646,1.52078557520122,0.217985935175384,-0.717452570506501,0.79751934891947,2
PHL,Philippines,0.187399010807628,-1.84365829878117,87.5,38.3,23.6813305,42,15.7,42.9,3.22093564,39.69,96.97661,2.65295,1.8,0.1,28,1.153,417,135.2022258,60.59999847,73.30000305,43807158,13.5,58.02809258,5.97,10.74767,38.96365,25.22192,21.27349,0.199436957366942,0.441590016793028,1.59064902971929,-1.3013835205902e-003,-2.55761963728722,0.853230288911517,2
PRY,Paraguay,-1.90534413223768,0.462133805720783,98.2,17.6,23.33701913,67,15,35,3.067801673,43,98.60174,4.96304,9.45344827586207,0.4,20.5,1.227,55,464.0923634,67.19999695,25.10000038,3202754,10.4,57.30387304,10.56,10.17235,19.10035,17.61386,18.8145219014085,-1.0370902709195,8.84440772652936e-003,1.6119778362637,0.129621219152933,-0.283065002407406,0.139600652607544,2
SAU,Saudi Arabia,-1.35879313487562,-2.36437768132801,97.69783,18,74.02676347,61,18.6212962962963,15,4.843094238,63.7,99.38161,5.13781,9.45344827586207,2.71460674157303,14.5,2.491,16,1147.445577,52.09999847,28.39999962,12134929,5,46.24036186,4.63,17.61828,10.55623,11.4165,20.27622,-1.33425875186869,2.12939817961546,1.53453765403312,0.23674705412558,0.900793944472026,-0.561981065069269,2
SLV,El Salvador,-1.81500277619126,0.33665083817358,93.7,28.9,33.1150929,61,14.5,38.7,4.014181998,29.7,97.48722,3.41749,9.45344827586207,0.5,16.8,1.596,49,279.6467283,58.40000153,13.69999981,2749893,12.4,55.29484812,5,13.2438,45.60774,29.08626,18.9254,-1.04554774896438,-0.190969223003816,0.969881959221588,-0.11275507492701,-3.32675198323974,1.45650202828846,2
SYR,Syrian Arab Republic,-3.01802825454477,0.911818597515595,96.26256,19.3,7.423981817,71,18.6212962962963,42.7,3.4,28.09,97.10737,5.13014,9.45344827586207,0.1,12.9,1.455,19,66.45497393,38.90000153,19.79999924,6104352,13.7244444444444,68.75956412,16.3,12.17072,16.64287,8.46774,52.38976,-3.65146151848451,0.609606847385305,0.657004043661454,6.81983649411743e-002,-0.537589676321098,-3.51465877764957,2
THA,Thailand,-2.3040469168757,0.847073408248811,100,25,111.9143573,37,39,27.5,4.490343081,34.89,98.30183,4.92835,9.45344827586207,1.1,12.3,0.393,236,360.3830032,71.5,19.5,40055849,7.4,38.99191814,8.84,11.15814,20.87792,17.82866,20.43101,-0.826751771484935,2.60788793814862,1.58203615252691,0.26657632830631,-0.495153505615833,4.93321819514533e-002,2
TON,Tonga,0.528289779822639,0.140646395059223,95.86256,39.4148148148148,27.21499849,42,7.8,30.1,4.08418031936923,40,99.35494,3.89872,9.45344827586207,2.71460674157303,16.7,0.563,21,212.9750355,58.8195803986713,36.7028846604423,42390,13.7244444444444,75.00248616,11.71,33.81472,15.26935,13.32036,5.1068,4.70648958012684,0.477268917387665,1.90442809991974,0.367896468623193,1.00417134376688,1.05758777638513,2
TTO,Trinidad and Tobago,8.41047959757986e-002,-1.35039480117116,99.8278,24.7,40.84317632,61,11,32.2,3.998805971,65.1,99.60181,3.156,0.7,2.71460674157303,20.4,1.175,23,1090.993283,61.5,63,686710,7.4,42.74800472,5.46,2.88088,13.49841,15.549878907563,9.73895,4.11185823297283,0.742554299916441,1.88539662129682,0.377341904233471,0.697502323904636,0.71164279168198,2
TUN,Tunisia,-1.25892437348404,0.301982026262553,100,8,23.34835359,65,16.8,59.9,3.564477007,46.16,98.34687,6.22349,9.45344827586207,0.1,14,1.222,42,305.305519,41.29999924,37.90000153,4023313,5,44.47706256,19,17.2916997526606,15.14807,11.8281,14.5336,-2.72597833470481,2.583583990127,0.537841197826944,-0.163347374941513,0.779588006164068,0.106453978087105,2
TUR,Turkey,-1.76774119671882,-1.2493805500597,100,11.9,77.08147112,63,32.4,40.9,4.488519844,51.04,99.67821,2.86247,5.8,2.71460674157303,13.5,1.711,22,567.6311267,44.79999924,20.29999924,27778482,5,49.99976986,4.36,18.27676,20.63689,19.59875,38.08324,-2.60533232726462,0.603268290227896,1.56694634113859,0.366946747506286,-1.39851333639809,-1.47683342426602,2
URY,Uruguay,-3.33680460214155,-1.32774462504964,99.5,39.4148148148148,51.96796951,48,10.8,41.8,4.698681604,61.46,98.51025,4.35527,9.45344827586207,0.7,10.1,3.736,35,1442.276451,61.20000076,26.89999962,1763727,5,56.11947113,11.2,24.73551,10.1362,13.78374,9.85301,0.856553618859879,-0.837897301999523,1.801457637236,0.240819334647874,1.11120895655794,0.515465932663644,2
VNM,Vietnam,-1.96949335617909,0.57548752790505,99,27.2,23.59304334,59,16.7,39.4,3.913816844,48.31,98.15061,6.30311,17.9,0.5,21.7,1.19,198,142.3738891,75.90000153,36.7028846604423,54206654,11,42.30469009,8.7,39.31958,15.62477,27.6063,29.37942,-1.58401074865902,-2.10187524397157,1.42396952297351,0.216402362176204,-1.54139124502094,-0.36042136954391,2
ALB,Albania,0.284927361116738,2.75893898968755,100,39.4148148148148,35.02526367,177,18.8,36.5,4.151210169,60.1,98.98068,3.50083,4.4,2.71460674157303,14,1.145,26,272.2042915,46.29999924,34.5,1292943,13.7244444444444,44.91213578,3.46,41.93575,12.3303,17.65478,23.59427,2.79208163443313,0.456686498417477,1.74101910894161,0.311653763865673,-2.00586480449712e-002,-0.471554176732404,3
ARG,Argentina,-0.65107033794505,0.228326516312056,99.8,16.7,59.44995441,92,18.2,137.4,3.828925581,64.7,99.13115,5.3441,9.45344827586207,0.5,12.5,3.859,30,605.1878448,55.90000153,40,19540451,5,56.6303447,15.31,14.19025,14.09969,8.02675,16.77677,2.77086317761177,-0.770103947948308,1.79988373145301,0.289698096750704,1.16152844473414,-0.338959225235783,3
ARM,Armenia,5.22134119630665,1.82647906150906,100,14.4,58.26582913,180,23.6,19.9,2.125590811,46.3,99.81645,2.39756,0.3,0.2,14.1,2.698,55,161.5523856,52.90000153,43.09999847,1559971,5.8,41.3293303,2.97,6.36217,18.1653428099174,15.549878907563,7.10141,4.79006828274503,-1.22875288136159,1.96466943934537,0.406601379227656,0.485936844845162,1.07423034416139,3
BGR,Bulgaria,2.85195797568414,2.3397365773799,100,39.4148148148148,90.7152512,130,23.3,27,3.905178362,55.49,98.20516,3.58936,9.45344827586207,2.71460674157303,10.4,3.866,33,661.8465273,47.20000076,56.70000076,3318342,13.7244444444444,50.84738578,4.05,20.38869,13.43385,13.06862,12.31071,5.50560076265487,-2.04856400545233,1.68189301705771,0.380020477096306,0.858231331352794,0.335357953927202,3
CZE,Czech Republic,3.09116780437673,0.107497659798799,100,39.4148148148148,49.79900876,110,40.9,50.4,3.603684416,79.71,92.1344975833333,4.26371,9.45344827586207,2.71460674157303,3.4,3.624,5.9,1378.521202,55.90000153,72.90000153,5341662,13.7244444444444,47.90969389,4.05,10.63904,11.26948,11.79291,26.02222,8.05925267707913,-2.20227576439388,2.31305684410252e-016,-2.34565545074894e-015,0.573460626440833,-1.04946198044851,3
HUN,Hungary,3.00636761005556,0.915097164342252,100,39.4148148148148,58.03842307,252,48.8,48.4,3.37181917,76.13,98.68453,4.64508,9.45344827586207,2.71460674157303,5.9,3.08,15,1036.623859,47.90000153,61.90000153,4383005,13.7244444444444,47.22401383,4.05,19.90632,9.68106,11.2015,15.166,6.60401517387946,-1.85537154866385,1.82840881218075,0.333226319954776,1.19578023826506,-0.127969953824596,3
KAZ,Kazakhstan,4.44364920713955,-2.52634454107426,100,39.4148148148148,71.9984389,83,15,29.2,2.912248952,54.89,99.81252,2.88742,1.8,0.2,14.1,3.617,127,538.7827771,69.69999695,43.59999847,9284810,5,48.94889824,7.4,3.03233,18.1653428099174,15.549878907563,12.97519,5.58205576894076,-0.608437553008474,1.96605228334215,0.406606624594311,0.242253855683981,0.535535523857524,3
KGZ,Kyrgyz Republic,3.28520622978142,3.41086029591021,100,39.4148148148148,24.65135291,125,28,29,1.500406062,28.3,99.69212,6.7802,6.3,0.3,21.3,1.969,196,81.5662616,62.40000153,73.90000153,2727997,6,54.51602235,4.1,7.32265,18.1653428099174,15.549878907563,14.12427,4.57091523501394,-0.815288452118621,1.94044795991525,0.38990847217199,0.194582467040666,0.43015135146517,3
MDA,Moldova,2.16919048041964,-2.61015965245483,100,39.4148148148148,36.49779982,113,18.7,40.2,2.187036319,46.6,100,7.50124,4.2,0.6,15.8,2.984,229,228.8466711,39.90000153,56.20000076,1236917,13.7244444444444,34.55151412,3.94,21.38652,9.48504,9.15378,16.67084,4.08964538755669,-0.922332869360474,1.95135346290419,0.404167007823891,1.36386416128724,-0.385561479017568,3
POL,Poland,3.6365094056266,5.64757610233047,100,39.4148148148148,63.58095676,133,33,40.3,4.021324783,66.6,99.99998,4.86121,9.45344827586207,0.1,5.2,2.219,26,910.2837803,51.29999924,62.40000153,18280161,13.7244444444444,42.65661939,4.05,0.29372,9.06589,9.91525,18.50407,5.50692089981433,-0.771068275002392,1.98008008183762,0.417863700346417,1.23593233437628,-0.521947950712686,3
ROM,Romania,1.15125447164776,-0.551795198651547,100,39.4148148148148,64.78037459,182,34.4,42,3.419629832,54.08,99.29397,2.9855,9.45344827586207,2.71460674157303,11.1,2.448,99,556.8096847,52.79999924,56.5,9527721,13.7244444444444,48.15977117,4.05,22.97682,11.19595,14.87933,22.43357,4.38682583243155,-0.865633566897403,1.84166050511854,0.366969328096066,0.400277182330753,-0.549646344866556,3
SRB,Serbia,0.703080858750018,-2.01639252562079,100,39.4148148148148,43.97233038,131,32.5,39.7,2.672683491,53.5,98.59301,4.42658,0.7,2.71460674157303,6.7,2.112,30,632.9248415,40.90000153,34.09999847,3132027,13.7244444444444,49.49001138,6.65,19.22449,8.3424,8.99388,23.21905,4.84967252877002,-0.52102645724089,1.72149998848477,0.363440360370167,1.18773864657258,-1.02460167498083,3
SVK,Slovak Republic,3.13111520320019,-0.191111650014371,100,39.4148148148148,58.84848828,121,42.9,51.2,3.164993681,79.98,99.37242,3.93731,9.45344827586207,0.1,7.3,3.32,8.6,1454.81013,51.59999847,72.5,2738420,13.7244444444444,39.89910295,4.05,13.32181,10.99898,11.5124,16.32972,8.15132770527311,-1.54492901898774,1.91997920481442,0.381986303369648,1.02390450935049,-0.183227502408892,3
TJK,Tajikistan,2.01298666445536,0.1236914869167,100,39.4148148148148,10.41371326,133,16.9,81.8,2.097190657,17.49,99.86141,4.01803,28.3,0.4,44.8,1.918,128,76.39130143,60.70000076,65.90000153,3676342,33.2,61.24307279,7.11,13.45508,21.61915,8.43554,17.5542,4.47240111176042,-1.1725011780733,1.96727433074999,0.410572749215961,0.568766414366869,-0.192933954549632,3
UKR,Ukraine,3.613394189077,3.63966809396958,100,39.4148148148148,94.55598808,263,16.6,52.2,3.161451566,43.4,99.72038,6.67166,0.1,1.2,9,3.543,114,202.6585798,55,2.099999905,23089480,13.7244444444444,42.60412564,4.07,14.16576,18.1653428099174,15.549878907563,11.01798,5.43419425149633,-1.50503888840899,1.95802640478893,0.401612848842247,0.323451786695383,0.715034737183002,3
VEN,"Venezuela, RB",0.225830968084709,0.406441380622712,100,32,43.65658446,178,25.9,65,2.554572707,57,97.12917,6.87468,9.45344827586207,0.6,14.9,1.939,29,873.3843222,59.5,25.5,14304546,5,52.69932426,12.9,17.2916997526606,8.77154,6.6364,12.87448,0.171164208562589,0.859070791387184,1.48024550014323,4.19285734683364e-002,1.8372465919977,-0.196617210336143,3
ZAF,South Africa,0.273262110496402,0.641859347585845,85.4,23,66.19826566,226,26.4,28.8,4.8698817,49,98.64921,6.05629,9.45344827586207,18.9,40.5,0.776,696,570.2060736,39.40000153,31.29999924,19980062,5,52.79813346,8.08,13.61646,18.1653428099174,15.549878907563,22.80147,2.02391627159388,0.735761344167009,1.51971109271069,0.10294321603604,-0.16540480411171,-0.365650107687316,3
ARE,United Arab Emirates,-2.6879992696164e-002,-0.0273813224389,97.69783,39.4148148148148,60.89727684,32,18.6212962962963,15.9,6.472991241,90.4,99.60736,1.10944,9.45344827586207,2.71460674157303,6.8,2.533,2.7,1610.79898,77.59999847,28.79999924,6302492,5,17.47165713,4.63,15.59026,14.14972,9.67677,17.46125,1.21486026571174,1.03999245894505,1.48494201117744,0.187272970531054,0.954809400196598,-0.308169450362611,4
AUS,Australia,3.41604311455269,0.557120280532634,100,39.4148148148148,160.7520453,75,18.6212962962963,47.6,4.986503444,84.56,92.1344975833333,4.90641,9.45344827586207,2.71460674157303,3.8,3.273,8.1,6031.107458,61.20000076,38.90000153,12420090,13.7244444444444,50.23111921,3.29,19.04393,18.1653428099174,15.549878907563,27.47249,6.07105769832387,-0.664410848359401,2.31305684410252e-016,-2.34565545074894e-015,-0.359189405515178,-0.794037667237684,4
AUT,Austria,1.31706870232518,-0.41778422382768,100,39.4148148148148,119.4389744,23,18.6212962962963,51.7,4.017461786,81,92.1344975833333,5.45065,9.45344827586207,2.71460674157303,3.5,4.83,9.8,5580.493943,57.90000153,53.79999924,4468626,13.7244444444444,48.97884934,4.05,22.69364,8.16027,11.63756,7.28747,2.67429099121506,-1.39441678297092,0.206037478434071,6.11764651783672e-003,1.58101531447569,0.579639008288312,4
BEL,Belgium,3.2449055262369,3.26092434916255,100,39.4148148148148,93.90762454,88,18.6212962962963,58.4,6.308197974,85,92.1344975833333,6.36516,9.45344827586207,2.71460674157303,4.1,4.887,11,4884.066261,48.79999924,39,4975258,13.7244444444444,53.59387956,4.05,17.30925,9.22585,9.57712,16.34012,4.77266135490866,-0.506682862092341,2.31305684410252e-016,-2.34565545074894e-015,1.35054278794456,-0.338260006697946,4
BRB,Barbados,-1.31769611388675,1.57063933412419e-002,90.87544,39.4148148148148,42.60446701,87,18.3,34.7,5.3,76.67,92.1344975833333,6.71179,9.45344827586207,2.71460674157303,13,1.811,0.42,1146.041691,62.59999847,65.19999695,162318,5,49.69493674,9.14,53.81306,18.1653428099174,15.549878907563,14.51018,2.93889299165541,-0.651319900150755,2.31305684410252e-016,-2.34565545074894e-015,0.178572384547418,0.394758858368141,4
BRN,Brunei Darussalam,-1.26406398289368e-016,2.02413491694831e-016,76.16138,39.4148148148148,79.62710595,56,18.6212962962963,8.7,4.7,68.77,99.50076,3.76595,9.45344827586207,2.71460674157303,10.2,1.443,79,957.605998,61.29999924,36.7028846604423,203304,5,38.31802336,1.49,17.2916997526606,10.34535,8.70334,15.11647,0.390374350640342,1.55238838792202e-002,1.71217605528112,0.265144627225157,1.41691915119892,-0.245947563065049,4
CAN,Canada,3.57621494588405,-2.69405116318675,100,39.4148148148148,222.2742686,137,18.6212962962963,21.1,5.458973778,87.12,92.1344975833333,5.27246,9.45344827586207,2.71460674157303,4.9,2.068,6.5,5291.74613,61.5,38.20000076,19726591,13.7244444444444,46.472607,2.51,17.25101,19.02609,12.19469,9.08142,7.53700452669387,-0.692402992405774,2.31305684410252e-016,-2.34565545074894e-015,0.700199178395814,0.727274763098444,4
CHE,Switzerland,3.44573311979276,-1.35705386780998,100,39.4148148148148,97.52859429,39,18.6212962962963,28.8,4.622662931,87,92.1344975833333,5.04805,9.45344827586207,2.71460674157303,3.9,4.049,7.7,9673.523535,65,47.59999847,4752879,13.7244444444444,48.3695857,0,12.82603,8.17844,10.65232,5.8358,8.29332130159363,-2.18142005793689,2.31305684410252e-016,-2.34565545074894e-015,1.74441341001212,0.658148526677596,4
CUB,Cuba,0.59083347825705,-0.808548614189238,100,39.4148148148148,50.9996215896643,93.5760563380282,18.6212962962963,40.380985915493,4.08418031936923,30,99.87324,12.83727,9.45344827586207,0.3,5.5,6.723,13,816.6235369,54.90000153,54,5383687,5,43.20849854,10.99,23.74254,8.88597,8.87554,4.59873,3.46436567601275,1.80182890126784,1.96327789171916,0.404720354918198,1.93538809753966,0.690540883230719,4
CYP,Cyprus,2.71287250911918,9.75300242075031e-003,100,39.4148148148148,53.12688158,137,18.6212962962963,24.4,4.420815453,69.33,99.83996,6.64467,9.45344827586207,2.71460674157303,2.7,2.329,6.8,1819.112996,53.90000153,38.40000153,613733,13.7244444444444,41.45541178,4.05,9.80451,9.66562,9.77062,12.68324,4.88918090001834,0.83842806554822,1.91707838099937,0.385599038243555,1.45149860623637,1.93128143462137e-002,4
DEU,Germany,3.09820974196905,-0.833363143151569,100,39.4148148148148,118.1869095,28,18.6212962962963,48.8,5.609588206,86.19,92.1344975833333,4.94831,9.45344827586207,2.71460674157303,3.7,3.889,7.8,5410.634639,56.90000153,59.70000076,42207318,13.7244444444444,51.62432338,4.05,14.34684,11.75844,14.33652,7.51864,7.23061302125315,-2.07491270382018,2.31305684410252e-016,-2.34565545074894e-015,1.03788986853937,0.802420805068195,4
DNK,Denmark,2.92082375866498,-1.21379734543182,100,39.4148148148148,54.28569379,38,18.6212962962963,24.5,5.759602588,95.99,92.1344975833333,8.5471,9.45344827586207,0.2,3.5,3.485,8.9,6463.243218,58.29999924,42.29999924,2917925,13.7244444444444,55.19953428,4.05,23.03587,10.04251,10.06155,17.68573,5.56775468833562,-0.657002866224893,2.31305684410252e-016,-2.34565545074894e-015,1.18720534569671,-0.413458391300622,4
ESP,Spain,0.608798414012096,-0.448479310245318,100,39.4148148148148,119.6278735,107,21.3,50,5.652581036,76.19,99.71571,4.36743,9.45344827586207,2.71460674157303,4.1,4.949,15,2658.270424,44.40000153,23.29999924,23342592,13.7244444444444,49.9575369,4.05,24.27187,11.21062,11.58455,12.6389,3.87562962650696,-9.54206290180187e-003,1.83909592183209,0.345001887789619,1.15482055211184,0.164772207843549,4
EST,Estonia,2.63842866099233,-3.12907955953966,100,39.4148148148148,76.81975404,91,28.7,49.4,5.547498771,84.24,99.96248,4.79262,9.45344827586207,2.71460674157303,2.9,3.242,25,1248.279632,57.29999924,51.70000076,687168,13.7244444444444,52.32812265,4.05,11.59036,7.91304,8.26007,10.74017,7.32028081116751,-1.95763584882717,1.97859993210317,0.415604047332035,1.81275022439362,6.77193107656165e-002,4
FIN,Finland,2.32958479475414,2.62874252666805,100,39.4148148148148,35.86609314,42,18.6212962962963,37.9,6.361369204,92.38,92.1344975833333,7.19254,9.45344827586207,2.71460674157303,2.3,2.905,7.1,4612.290456,54.29999924,46.40000153,2714587,13.7244444444444,56.57147215,4.05,28.04627,9.02802,15.99444,18.9193,6.42739359931359,-1.12474377766011,2.31305684410252e-016,-2.34565545074894e-015,0.576993129193818,-0.22105430417683,4
FRA,France,1.68129512359197,-0.319793634676308,100,39.4148148148148,108.048267,71,18.6212962962963,62.7,5.280860484,83.75,92.1344975833333,5.53344,9.45344827586207,2.71460674157303,4.3,3.19,12,4958.989226,50.20000076,45.09999847,30057382,13.7244444444444,59.17372988,4.05,16.73526,14.67706,11.22372,21.28925,4.78268895078738,0.20547927913063,2.31305684410252e-016,-2.34565545074894e-015,0.595771603518604,-0.559097299251166,4
GBR,United Kingdom,2.06573976392345,1.414799974278,100,39.4148148148148,129.7634366,79,18.6212962962963,32,5.67227357,91.61,92.1344975833333,5.72,9.45344827586207,2.71460674157303,4.2,2.809,15,3934.823561,58.20000076,41.90000153,32994128,13.7244444444444,54.3232286,4.05,21.46248,16.2881,15.63258,16.42327,6.95598825600872,-2.30781606607749e-003,2.31305684410252e-016,-2.34565545074894e-015,0.219554853381869,0.17538231054718,4
GRC,Greece,0.285982172904007,-0.209075495353125,100,39.4148148148148,59.08688711,51,11.7,49.6,4.593618812,63.21,99.53137,3.96574,9.45344827586207,2.71460674157303,4.6,6.167,6,1743.037533,39.09999847,41.90000153,4926892,13.7244444444444,55.05594897,4.05,9.48681,8.09305,7.68323,20.78964,4.17329855469203,0.711714038584346,1.77631651485839,0.352471254944345,1.44458898946325,-0.881537618580704,4
HKG,"Hong Kong SAR, China",0.939060705352811,-0.180579546380129,100,39.4148148148148,49.77183612,28,18.6212962962963,22.8,6.352012687,74.56,92.1344975833333,3.57196,9.45344827586207,2.71460674157303,28.680985915493,1.319,95,1307.29186172965,56.79999924,48.5,3745415,13.7244444444444,35.90210589,0,16.21729,17.756,15.549878907563,14.97417,5.01852663584848,3.15226899088098,2.31305684410252e-016,-2.34565545074894e-015,0.187477307184079,0.341619274530353,4
HRV,Croatia,2.08437777813807,-0.223942729949895,100,39.4148148148148,116.8194345,70,24.1,20,4.54886002,68.57,99.73082,4.15795,9.45344827586207,2.71460674157303,4.3,3,16,1050.334391,42.70000076,63.90000153,1845114,13.7244444444444,50.54449268,4.12,18.47835,8.74344,7.0019,9.26592,5.96081547766045,-0.724217754423113,1.92197764595578,0.394831984805434,1.95014768094731,0.154042674789414,4
IRL,Ireland,2.2306804738111,1.40969459417839,100,39.4148148148148,84.76546607,85,17.2,25.9,5.326941565,79.69,92.1344975833333,5.84453,9.45344827586207,0.3,3.6,2.67,9.3,4239.154489,53.40000153,38.59999847,2184332,13.7244444444444,52.3249582,4.05,16.29894,18.1653428099174,15.549878907563,15.38655,6.57390625702955,-3.12523638554916e-002,2.31305684410252e-016,-2.34565545074894e-015,0.14221479859575,0.314385405554161,4
ISL,Iceland,1.78447767969597,-0.807763457810731,100,39.4148148148148,71.52865079,22,18.6212962962963,29.6,5.976981395,98.16,92.1344975833333,7.03659,9.45344827586207,2.71460674157303,2,3.476,4.3,4661.621362,70.09999847,36.79999924,192535,13.7244444444444,50.9491205,2.55,33.43736304,18.1653428099174,12.45239,8.71305,5.08286757152181,1.35363601498197,2.31305684410252e-016,-2.34565545074894e-015,0.747370154128131,0.753209231607148,4
ISR,Israel,3.9427953344699,-1.9274481126863,100,39.4148148148148,126.1091054,102,33,30.6,4.006035322,71.45,99.05457,5.63281,9.45344827586207,2.71460674157303,4,3.344,7.1,2910.288637,59.09999847,40.79999924,3738337,13.7244444444444,63.41261601,3.23,5.83669,11.33172,8.68793,6.28413,7.38015304533854,-1.02245778706664,1.25623078169982,0.224659454653944,1.71713416147132,0.588729364731379,4
ITA,Italy,-3.88535295169904e-002,0.498815154085773,100,39.4148148148148,91.85098876,124,18.6212962962963,64.8,4.320676729,61.96,99.93021,4.14054,9.45344827586207,2.71460674157303,3.5,3.764,7.3,3257.75341,43.09999847,47.20000076,25785202,13.7244444444444,55.76291611,4.05,28.39826,10.83621,11.75716,19.02737,3.16656176957263,0.704422938361859,1.92812629156553,0.389621612909826,0.897241984032235,-0.42115604007662,4
JPN,Japan,1.64840788096116,-0.679116128303646,100,39.4148148148148,127.4960674,97.7,18.6212962962963,51.3,5.400942233,90.58,92.1344975833333,3.81849,9.45344827586207,2.71460674157303,2.7,2.297,23,3702.952775,56.90000153,47.70000076,65302348,13.7244444444444,62.98493196,2.5,16.6617,12.96262,10.5074,7.12377,6.60000688846137,0.314386165333416,2.31305684410252e-016,-2.34565545074894e-015,1.37728750407066,0.655648687397195,4
KOR,"Korea, Rep.",2.43705087138209,-0.478682937088662,100,39.4148148148148,290.6606232,18,17.6,33.2,5.234806204,84.33,92.1344975833333,4.61823,9.45344827586207,2.71460674157303,3.4,2.143,101,2060.248497,58.79999924,42,26356229,5,36.96564974,7.36,10.17638,16.78315,14.63593,14.66233,5.89190716037028,3.00241456692911,2.31305684410252e-016,-2.34565545074894e-015,0.364193385217832,0.293950322962349,4
KWT,Kuwait,-2.16337271221636,-0.9210025315574,97.69783,39.4148148148148,58.50080618,64,18.6212962962963,13,3.976525742,78.7,99.58376,3.76001,9.45344827586207,2.71460674157303,8.6,2.7,27,1385.776935,66.5,20.70000076,1992954,5,32.32099693,4.63,22.49374,8.07498,6.76887,17.02818,-2.88832310520538,-0.963255987034138,1.6631941261004,0.272419150728297,1.6987925244899,-0.588166687670711,4
LTU,Lithuania,3.65256507587643,-2.07203564285742,100,39.4148148148148,51.69088142,95,18,42.6,4.854908751,72.13,99.89894,17.69513,9.45344827586207,2.71460674157303,5.2,4.116,83,1063.421183,54.29999924,55,1537729,13.7244444444444,49.38419843,4.05,9.97937,7.81534,8.81443,11.71386,5.01214843862104,-0.918520522780462,1.97274986458144,0.412080650542397,1.72031973197835,6.89417180676499e-003,4
LUX,Luxembourg,2.39412620976694,-2.72279021525735,100,39.4148148148148,106.2910879,56,18.6212962962963,20.1,4.682100181,94.67,92.1344975833333,3.60224,9.45344827586207,2.71460674157303,1.9,2.9,8,8137.520806,53.90000153,34.70000076,266117,13.7244444444444,44.12472571,4.05,21.702,10.00701,6.57126,3.75849,4.76846005246031,-0.885940715899449,2.31305684410252e-016,-2.34565545074894e-015,2.13736711821284,0.667734920893901,4
LVA,Latvia,4.25395036748777,-0.24003874689324,100,39.4148148148148,63.20170456,107,19.6,35.9,5.18019421,75.83,99.79256,3.20394,9.45344827586207,2.71460674157303,7.9,3.579,57,920.7037654,54.79999924,58.40000153,1036589,13.7244444444444,51.26043917,4.05,12.11748,7.37622,9.25113,14.22373,4.73967614318702,-0.47757103467504,1.97230504579582,0.408532592634076,1.60011147335655,-0.21022608343341,4
MAC,"Macao SAR, China",-8.31153667659619e-002,5.81978203168092e-002,90.54264,39.4148148148148,224.9834834,93.5760563380282,18.6212962962963,40.380985915493,4.08418031936923,69.78,99.66619,2.05939,9.45344827586207,2.71460674157303,28.680985915493,1.56190002,105,1307.29186172965,70.5,28.39999962,360841,13.7244444444444,27.10820982,0,23.63395,12.67407,11.80369,13.33981,0.442894125865387,1.25005980461213,1.70453069144929,0.296362594661528,1.0018611857743,0.150592105194576,4
MLT,Malta,-0.951152392174098,-0.761297926721697,100,39.4148148148148,56.28187087,121,18.6212962962963,41.3,5.232202516,73.17,98.84367,6.75966,9.45344827586207,2.71460674157303,6.4,3.486,15,2470.59851,48.79999924,30.70000076,189081,13.7244444444444,50.20367422,4.05,41.15889,6.91793,8.65706,8.08074,4.11617251737643,1.29470706524085,1.4910860990709,4.27129971988477e-002,1.94944780935908,0.30808538027784,4
NLD,Netherlands,3.10965114332606,2.32720186284668,100,39.4148148148148,50.57684678,110,18.6212962962963,41,6.766418773,93.17,92.1344975833333,5.51428,9.45344827586207,2.71460674157303,3.8,2.859,7.2,5693.859921,59.70000076,42.40000153,9019299,13.7244444444444,52.45413067,4.05,19.51365,13.55298,14.76096,13.35461,5.79558139212776,-0.936866268424046,2.31305684410252e-016,-2.34565545074894e-015,0.627363154103365,0.337338290654707,4
NOR,Norway,3.26813035158822,-1.10678650552292,100,39.4148148148148,48.6231152,66,18.6212962962963,39.5,5.532298957,96.3,92.1344975833333,7.37183,9.45344827586207,0.2,2.6,4.281,10,9522.221658,62.59999847,41.09999847,2726992,13.7244444444444,51.7683757,0.65,23.00502,8.53176,7.30524,10.45972,6.3870523082475,-1.9107559995127,2.31305684410252e-016,-2.34565545074894e-015,1.88302998572052,5.60458632660313e-002,4
NZL,New Zealand,1.97336832328136,-1.75533081179818,100,39.4148148148148,70.73822573,58,18.6212962962963,34.3,5.466629383,85.5,92.1344975833333,7.25271,9.45344827586207,2.71460674157303,5.7,2.735,9.4,4896.348025,63.90000153,41.20000076,2433510,13.7244444444444,53.22273379,2.43,29.53215,14.8457,13.92247,17.15687,5.44363246358243,-1.00652309603043,2.31305684410252e-016,-2.34565545074894e-015,0.469577516948611,-2.48312303994763e-002,4
PRT,Portugal,-1.74229986508902,0.597498881866208,100,39.4148148148148,177.6906379,52,12.7,41,5.304742397,64.59,99.54785,5.12129,9.45344827586207,2.71460674157303,3.6,4.1,29,2096.823176,51.70000076,24.70000076,5379280,13.7244444444444,52.90280594,4.05,17.45906,10.43564,9.18652,10.45601,-0.165635945483848,1.55337032551177,1.65649956363756,0.250627502044565,1.55284459817065,0.210826476858402,4
QAT,Qatar,0.491423131507841,-1.51954680618129e-002,97.69783,39.4148148148148,61.37663399,90,18.6212962962963,11.3,5.595322221,91.49,98.27006,3.52539,9.45344827586207,2.71460674157303,8,7.739,37,2106.355503,86.40000153,36.7028846604423,1593886,13.7244444444444,19.63931918,4.63,23.42061,10.76287,9.5617,12.71012,0.688297569005937,0.404738196784571,1.76579800997429,0.149091977974265,1.3970583379682,3.35411555973949e-002,4
RUS,Russian Federation,1.99948477167046,-3.64157310926578,100,39.4148148148148,184.6976969,160.5,12.6,47,3.938319804,70.52,99.65695,4.15467,9.45344827586207,2.71460674157303,9.6,4.3089,109,892.8515629,60.5,39.5,76754167,13.7244444444444,42.0088763,7.42,8.86,18.1653428099174,15.549878907563,14.41403,5.82726130393561,-0.68221541550832,1.94938374691148,0.397354793056147,0.18256131831883,0.403576946034383,4
SGP,Singapore,3.28535924688798,-1.03203959703733,100,39.4148148148148,59.32291633,31,18.6212962962963,18.4,6.66474054,82,99.90372,2.90507,9.45344827586207,2.71460674157303,2.7,1.95,62,2752.320439,65.59999847,30.29999924,3110343,13.7244444444444,36.85912232,0,9.36236,14.91591,14.90509,13.54991,3.93619619491091,3.79434550036317,1.77101087795276,0.325231742871555,0.510243612507889,0.362734343607768,4
SVN,Slovenia,2.88859780265397,-0.594386453927443,100,39.4148148148148,95.79507762,38,22.5,31,4.96997423,71.59,99.81388,5.65882,9.45344827586207,0.1,2.6,2.516,9.8,2160.746701,52.09999847,57.5,1012624,13.7244444444444,47.4944993,4.05,17.36876,7.27727,12.99036,13.59104,6.67367483300201,-1.64692978261821,1.96377080220438,0.399218052872105,1.23685413348546,5.43415990914258e-002,4
SWE,Sweden,3.52815460144214,2.66468773860389,100,39.4148148148148,40.24318317,52,39.1,49.1,5.620067571,92.52,92.1344975833333,7.65619,9.45344827586207,0.2,3,3.926,9.4,6807.717778,58.90000153,47.20000076,5146596,13.7244444444444,57.96719253,4.05,14.7626,9.49987,9.54331,13.98772,6.49205521590587,-1.426623269608,2.31305684410252e-016,-2.34565545074894e-015,1.43287234994008,-0.117321325791349,4
USA,United States,5.68280233118711,4.20329044693288,100,39.4148148148148,173.0834853,89.6,18.6212962962963,43.9,5.72790979,87.36,92.1344975833333,5.2239,9.45344827586207,2.71460674157303,6.5,2.452,3.8,9402.536971,58.5,58,161048950,13.7244444444444,50.2563887,3.38,7.05423,14.71113,14.67932,12.75795,8.923446809253,-1.28419393891404,2.31305684410252e-016,-2.34565545074894e-015,0.581112694606008,0.417445190466123,4
